global_name,local_name,dice_fields,table_roll,class_fields,class_fields_modifiers,usage_modifier,save_generate,use_generate,counters,reroll
Основная информация:,,,,,,,,,,
,Происхождение:,,,,,,,,,
,1,1,"Случайный. Город никогда не задумывался как нечто большее, чем лагерь или, самое большее, небольшое поселение. Судьба распорядилась так, что все произошло иначе. Посторонние нашли это место, некоторые остались, некоторые ушли и рассказали другим, и со временем все больше и больше приходили, все больше и больше оставались, и место росло.",,,,,,,
,,2,"Указ. Некоторым авторитетом было решено, что здесь нужен город, выделены средства и материалы для его основания, и он был основан.",,,,,,,
,,3,Исход или изгнание. Группа переселенцев покинула (или была вынуждена покинуть) свой дом. Они нашли это место и решили строить.,,,,,,,
,,4,"Ключевой перекресток. Город был основан на перекрестке дорог, посещаемых путешественниками со всего мира.",,,,,,,
,,5,"Военный лагерь. Развертывание длилось дольше, чем предполагалось, поэтому лагерь начал строить более прочные укрепления все более постоянным образом. Либо первоначальные члены лагеря все еще проживают здесь, либо он был занят иным образом после их ухода.",,,,,,,
,,6,"Порт. Город обосновался на воде там, где раньше никто этого не делал, отрастив изношенные причалы и дороги, по которым ходили как торговцы, так и путешественники. (Среда, в которой находится ваш порт, — [d6]: 1-3: побережье 4-6: река.)",,,,,,,
,,7,"Стремительный. Подпитываемые амбициями, сильной волей и, возможно, доступом к определенным превосходным продуктам или ресурсам, группа людей решила создать этот город в важном месте. Свидетели рассказывают, как казалось, что это произошло за одну ночь.",,,,,,,
,,8,"Устойчивый. Построенный по частям с течением времени, этот город был трудом приверженности и преданности. Возможно, потребовались годы или даже десятилетия, прежде чем она достигла результатов, но теперь она стоит такой, какая она есть.",,,,,,,
,Приоритет развития:,,,fortification;law_enforcement;specialty; market_square;place_of_worship_size;commercial_locations,,,,,,
,0_6_6,1,Брони),,,,,,,
,,2,Книг),,,,,,,
,,3,Одежда,,,,,,,
,,4,Ювелирных украшений),,,,,,,
,,5,Оружия),,,,,,,
,,6,всякой всячины),,,,,,,
,1,1,Военный. Город отдает приоритет обороне и правоохранительным органам.,,1;1;0;0;0;0,,,,,
,,2,"Правительство. Город отдает приоритет структуре, порядку и закону. (среди построек есть отдельная дом правительства)",,0;1;0;0;0;0,,,,,
,,3,Производство. Город отдает приоритет производству и перемещению ресурсов.,,0;0;4;0;0;0,,,,,
,,4,"Экономический. Город отдает приоритет своему рынку, обеспечивая большую площадь, широкие улицы, больше магазинов и жилья.",,0;0;0;2;0;2,,,,,
,,5,Религиозный. В городе есть большие храмы на видных местах.,,0;0;0;0;5;0,,,,,
,,6,Магия. Город сосредоточен на какой-то форме магического преследования. (Свободная локация: Магазин - Волшебный магазин ,,0;0;0;0;0;0,,,,,
,Специализация:,,,farms_and_resources_roll,,,,,,
,0_3_3,1,Мельница,,,,,,,
,,2,Текстильное производство,,,,,,,
,,3,Литейный/плавильный завод,,,,,,,
,1,1,"Ремесло. Город известен тем, что здесь можно найти высококачественные товары ручной работы.",,0,,,,,
,,2,"Земледелие или сбор ресурсов. Город известен ресурсами, которые он производит. Основывайте это на том, в какой среде и климате находится город. Если сельское хозяйство не будет работать, возможно, вместо этого они будут добывать или заготавливать пиломатериалы.",,1,,,,,
,,3,"Промышленность. Этот город известен определенными промышленными процессами, такими как помол, текстиль или плавка. А именно это ",,0,,,,,
,,4,"Уникальные способы доставки. Эти люди знают, как доставлять вещи из одного места в другое необычными или инновационными способами.",,0,,,,,
,,5,"Связи. В этом городе полно людей, которые могут найти и достать почти все (или, может быть, кого угодно).",,0,,,,,
,,6,"Напиток. Город известен широким выбором напитков (или отличного качества), доступных повсюду.",,0,,,,,
,,7,Образование. Город известен как местонахождение широко известного учебного заведения. (Бесплатное местоположение: некоммерческое — место обучения),,0,,,,,
,,8,Гостеприимство. Город известен как гостеприимное и желанное место для проживания.,,0,,,,,
,Возраст:,,,population_density,,,,,,
,1,1,"Недавний. Основанный в прошлом году, город существует недолго. Осведомленность, вероятно, не распространилась за пределы ближайших окрестностей.",,-2,,,,,
,,2,"Учредил. Город существует уже несколько лет. Люди в радиусе нескольких десятков миль, возможно, слышали об этом. Скорее всего, он был добавлен на основные официальные карты.",,-1,,,,,
,,3,"Зрелый. Город существует уже несколько десятилетий и, возможно, приобрел некоторую репутацию в зависимости от его сообщества, местоположения и того, что происходит в городе.",,0,,,,,
,,4,"Старый. Город существует около века или около того. Здесь выросли семьи. Некоторые предприятия выросли, закрылись и были заменены новыми. Функции, вероятно, были добавлены или расширены за пределы. Возможно, он также пережил множество событий, которые могли изменить курс города.",,1,,,,,
,,5,"Древний. Городу сотни лет, а то и больше. Он может все еще процветать или находиться в руинах, оставаясь таким же, как всегда, или, возможно, резко измениться, к лучшему или к худшему.",,2,,,,,
,Размер:,,,population_overflow;size_farms;size_commer,,,size,,,
,1,1-2,"Очень маленький. До нескольких сотен сооружений на площади, способной вместить до 1000 человек.",,2;1;4,,,,,
,,3-6,"Маленький. До 500 стоящих конструкций на площади, способной вместить около 2000 человек.",,1;2;6,,,,,
,,7-14,"Середина. До 1000 стоящих конструкций на площади, способной вместить около 4000 человек.",,0;2;8,,,,,
,,15-18,"Большой. До 1500 стоящих конструкций на площади, способной вместить около 6000 человек.",,-1;3;10,,,,,
,,19-20,"Очень большой. До 2000 стоящих конструкций на площади, способной вместить около 8000 человек.",,-2;3;12,,,,,
,Состояние:,,,population_wealth,,,,,,
,1,1,"Заброшенный. Здания могут рушиться или превращаться в руины. Мусор может выстроится вдоль улиц, которые, если они когда-либо содержались в чистоте, теперь почти неузнаваемы. Все кажется сломанным, грязным или и тем, и другим. Это место может выиграть от полного разрушения и восстановления. Запахи, наверное, мерзкие.",,-6,,,,,
,,2-4,"Паршиво. Вещи в грубой форме. Большинство сооружений кажутся ненадежными или просто находятся в плохом состоянии. Окна, если они есть, могут быть разбиты или заколочены. Стены в пятнах, а улицы в колеях или трещинах. Запахи оскорбляют чувства.",,-3,,,,,
,,5-12,"Умеренный. Структуры кажутся достаточно добротными, хотя, пожалуй, и не привлекательными. Вполне вероятно, что в большинстве домов жильцы остаются сухими. Дороги относительно чистые, если не сказать чистые. Запахи не приятные, но терпимые.",,0,,,,,
,,13-19,"Крепкий. Здания в городе кажутся солидными. Балки, выступающие из стен конструкции, выглядят прочными и износостойкими. Хотя городу, возможно, не хватает настоящей утонченности, он обладает силой и чувством надежности. Дороги обслуживаются, хотя и не зациклены на них, и в основном свободны от мусора и грязи. Это запахи дыма и опилок, кожи и пота.",,3,,,,,
,,20,"Превосходно. Город образцовый во всех отношениях. Здания построены с изысканным мастерством и талантом, не оставляющим сомнений в их качестве. Дороги содержатся в идеальном состоянии, мусора практически нет. Это запахи свежего воздуха и цветов, травы и деревьев или прохладного морского тумана.",,6,,,,,
,Окружающая среда:,,,,,,,,,
,1,1,"Прибрежный. Город находится рядом с большим водоемом, например, озером или океаном.",,,,,,,
,,2,"Лес. Город был основан на территории, очищенной от окружающих деревьев.",,,,,,,
,,3,Mountains. The town is found on a plateaux of a stony pass or soaring peak.,,,,,,,
,,4,"Равнины. Город окружен широкими, открытыми полями.",,,,,,,
,,5,Река. Город находится рядом с постоянно текущим ручьем или другим водотоком или построен вокруг него.,,,,,,,
,,6,Болото. Город находится на обширной территории со стоячей водой или рядом с ней.,,,,,,,
,,7,Под землей. Город находится в обширной сети пещер.,,,,,,,
,,8,Долина. Город находится внутри или на краю области углубленного возвышения по отношению к окружающему ландшафту.,,,,,,,
,,9,Тундра. В городе очень холодно,,,,,,,
,,10,"Пустыня. Город находится в сухой и засушливой местности, вероятно, окружен огромными песчаными дюнами.",,,,,,,
,Процветание:,,,visitor_traffic;population_wealth,,,,,,
,1,1,"Ужасный провал. В городе почти не было бизнеса, или он был очень неудачлив.",,-8;-13,,,,,
,,2-4,Отказ. Город изо всех сил пытался создать значимое богатство или известность.,,-6;-6,,,,,
,,5-10,Слегка успешен. Город достиг умеренной степени успеха и известности.,,-1;-3,,,,,
,,11-16,Успешный. Город функционален и приносит от скромного до хорошего количества монет.,,0;0,,,,,
,,17-19,Очень успешный. Город добился настоящего финансового успеха и привлекает большое количество посетителей.,,2;3,,,,,
,,20,"Невероятно Успешный. Город привлекает огромное количество богатства для своих жителей, и посетители стекаются, чтобы стать его частью.",,6;6,,,,,
,Рыночная площадь:,,,,,market_square,,,,
,1,1-2,Плотно. Места только для нескольких основных торговцев.,,,,,,,
,,3-4,Обильный. Пространство для изрядного количества киосков с продавцами.,,,,,,,
,,5-6,Просторный. Комната для большого количества прилавков с продавцами.,,,,,,,
,Порядок получения торговых мест:,,,,,,,,,
,1,1,"Первый пришел, первым обслужен - без комиссии. Торговцы выстраиваются в очередь перед базарным днем. Тем, кто в начале очереди, даются места. Сборы не взимаются.",,,,,,,
,,2,"Первый пришел, первым обслужен — платно. Торговцы выстраиваются в очередь перед базарным днем. Те, кто стоит в начале очереди, получают право первого выбора свободных мест при условии, что они могут оплатить сбор за день.",,,,,,,
,,3,Арендовать. Торговцы заранее (иногда далеко вперед) платят за право места на рыночной площади.,,,,,,,
,,4,Делать ставку. Перед базарным днем помещения продаются с аукциона.,,,,,,,
,Избыток торговцев:,,,law_enforcement,,,,,,
,1,1,Запрещено. Избыточным продавцам не разрешается устанавливать киоски за пределами города. За этим следят городские стражи.,,1,,,,,
,,2,"Без патруля. Избыточным продавцам разрешено устанавливать прилавки, но, поскольку городская стража не патрулирует и не контролирует эти районы, риск выше. Имеющиеся места неухожены.",,0,,,,,
,,3,"Мониторинг. Избыточным продавцам разрешено устанавливать киоски за пределами торговой площади, а городская стража регулярно патрулирует, но сами районы менее ухожены, а движение меньше.",,0,,,,,
,,4,"Поощряется. Избыточным продавцам рекомендуется устанавливать киоски за пределами города, если они не могут получить место на площади. Есть обслуживаемые площади, доступные для использования и предоставляемые в порядке очереди. Когда эта территория используется торговцами, она регулярно патрулируется, если можно обойтись без сотрудников правоохранительных органов.",,0,,,,,
,Укрепления:,,,disposition,,fortification,,,,
,1,1,"Неукрепленный. Периметр города открыт, что позволяет въехать практически из любой точки.",,-5,,,,,
,,2-8,"Слегка укрепленный. Собственно город окружен легкой стеной из дерева или сложенного камня. Укрепления представляют лишь небольшое неудобство для внешних сил, но они легко сдерживают проникновение диких животных.",,1,,,,,
,,9-15,"Укрепленный. Собственно город окружен солидной стеной из дерева или камня. Стену могут патрулировать охранники на возвышении. Посетители города проходят через главные ворота, которые вечером можно запереть. Вокруг города может быть размещено несколько сторожевых башен, хотя они, скорее всего, единичны.",,3,,,,,
,,16-19,"Сильно укрепленный. Сам город окружен тяжелой стеной из дерева или камня, вдоль которой построено несколько сторожевых башен. Ворота имеют двойную толщину и усилены металлическими лентами. В различных точках окружающей сельской местности построены дополнительные сторожевые башни.",,5,,,,,
,,20,"Чрезвычайно укрепленный. Сам город окружен внушительной стеной из дерева или камня, по всей длине которой через равные промежутки через равные промежутки расположено множество полностью укомплектованных сторожевых башен. Ворота имеют двойную толщину, усилены металлическими полосами, дополнены решеткой и всегда охраняются людьми. Дополнительная стена из дерева или камня окружает окружающую местность со своими сторожевыми башнями. Ничто не входит и не выходит без ведома или разрешения охраны.",,7,,,,,
Общество:,,,,,,,,,,
,Плотность населения:,,,population_overflow;night_activity,,population_density,,,,
,1,1-2,"Скелет. В городе достаточно людей, чтобы функционировать на самом базовом уровне.",,-2;-2,,,,,
,,3-6,"Разреженные. Здесь живут люди, но шумным это никогда не назовешь. Идя по улице, вы, как правило, видите только несколько человек.",,-1;-1,,,,,
,,7-14,"Многолюдный. Здесь проживает умеренное количество людей. Прогуливаясь по улицам, вы увидите много людей, но никогда не бывает так много, чтобы было тесно.",,0;0,,,,,
,,15-18,"Плотный. Здесь проживает большое количество людей. Свободных зданий мало, если они вообще есть. В местах с интенсивным движением обычно есть место для локтя, но не намного.",,1;1,,,,,
,,19-20,"Переполненный. Город заполнен толпами толкающихся людей. Практически все строения заняты. Некоторые могут даже разбить лагерь за городом. Передвижение может быть затруднено, и столкновения с другими людьми типичны в местах с интенсивным движением.",,2;2,,,,,
,Перенаселённость:,,,,,population_overflow,,,,
,1,1,"<10%. Менее десятой части населения города находится за пределами самого города. Обычно это означает, что единственные люди, которые живут за пределами города, - это те, кто делает это по необходимости, из-за выполнения обязанностей (например, владения фермой).",,,,,,,
,,2-4,10%. Десятая часть населения города находится за пределами самого города.,,,,,,,
,,5-12,20%. Пятая часть населения города находится за пределами самого города.,,,,,,,
,,13-17,30%. Треть населения города находится за пределами самого города.,,,,,,,
,,18-19,40%. Чуть менее половины населения города проживает за пределами самого города.,,,,,,,
,,20,50%. Около половины населения города проживает за пределами самого города.,,,,,,,
,Фермы и ресурсы:,,,,,farms_and_resources_roll,,,size_farms,
,1,1-4,Ничего,,,,,,,
,,5-11,"Земледелие [Сельское хозяйство]. На ближайшей гостеприимной земле, находящейся под контролем города, находится группа ферм, обеспечивающих продовольствием.",,,,,,,
,,12-16,"Земледелие [Животноводство]. На ближайших гостеприимных землях, находящихся под контролем города, находится группа ферм, которые занимаются разведением скота.",,,,,,,
,,17-20,"Сбор ресурсов. В зависимости от ландшафта и доступных ресурсов (деревья, минералы, руда, камень и т. д.) поблизости был построен лесозаготовительный лагерь, шахта или карьер, принадлежащий городу, для сбора ресурсов для использования или продажи.",,,,,,,
,Поток гостей:,,,night_activity,,visitor_traffic,,,,
,1,1-3,"В основном местные жители. В любой день обычно есть несколько человек из других городов, но их недостаточно, чтобы повлиять на заторы.",,0,,,,,
,,4-9,"Группы. Как правило, посетителей достаточно. Может немного увеличить заторы.",,1,,,,,
,,10-14,Толпы. Через город регулярно проходит значительное количество людей. Заторы увеличиваются.,,2,,,,,
,,15-17,Водит. В город регулярно приезжают большие группы людей. Загруженность значительно увеличивается.,,3,,,,,
,,18-19,"Массы. Огромные группы людей, кажется, всегда посещают. Заторы могут вызвать трудности, если город не в состоянии справиться с очень большим количеством людей.",,4,,,,,
,,20,"Множество. Огромные группы людей толпятся на улицах, вероятно, выбрасываясь на дороги за пределами города. Заторы — это постоянная реальность и регулярная проблема.",,5,,,,,
,Ночная активность:,,,,,night_activity,,,,
,1,1-2,"Темно. К тому времени, когда солнце садится, улицы почти пустеют, а город закрывается. Все тихо и мирно. Если в городе есть ворота, они закрыты и заперты. Охранники могут пускать внутрь ночных путешественников, а могут и не пускать.",,,,,,,
,,3-6,"Тихо. Все закрыто, кроме постоялых дворов и таверн, которые остаются открытыми до полуночи. Опоздавшим гостям приходилось будить трактирщика, чтобы получить номер. Если в городе есть ворота, они закрыты и заперты. Охранники обычно впускают посетителей, но препятствуют блужданиям.",,,,,,,
,,7-14,"Медленно. Почти все закрыто, кроме таверн, которые могут быть открыты до раннего утра, и гостиниц, которые остаются открытыми постоянно. Если в городе есть ворота, они закрыты, но охранники, как правило, готовы их открыть, если это необходимо.",,,,,,,
,,15-18,"Активный. Гостиницы и таверны остаются открытыми постоянно. Некоторые магазины и услуги могут быть открыты для поздних путешественников или полуночников. Изрядное количество заведений все еще может быть закрыто. Если в городе есть ворота, их держат открытыми, но охраняют, готовые закрыть в случае необходимости.",,,,,,,
,,19-20,"Оживленный. Разница между дневным и ночным движением невелика. На улицах всегда есть люди, и может показаться, что никто никогда не спит. Большинство магазинов и услуг остаются открытыми постоянно. Если в городе есть ворота, они остаются открытыми и закрываются только при самых ужасных обстоятельствах.",,,,,,,
,Демография:,,,,,,,,,
,1,1-4,Только одна. 100% основная раса.,,,,,,,
,,5-8,"Только две. 60% основной расы, 40% вторичной расы.",,,,,,,
,,9-14,"Нормальное распределение. 50% первичная раса, 25% вторичная раса, 15% третичная раса, 10% другие.",,,,,,,
,,15-17,Широкое распределение. 20% первичной расы. Все остальные представлены достаточно хорошо.,,,,,,,
,,18-19,"Высокий и низкий уровень. 80% первичной расы, 20% вторичной расы.",,,,,,,
,,20,Постоянно меняющаяся. Нет четкого распределения. Расовое представительство лишено ощущения численного доминирования.,,,,,,,
,Отношение:,,,,,disposition,,,,
,1,1-2,"Враждебный. Местные жители кажутся очень недружелюбными по отношению к посетителям и, вероятно, заставят приезжих чувствовать себя нежеланными. Это может проявляться как холодность, пассивно-агрессивность или даже насилие.",,,,,,,
,,3-6,"Недружественный. Местные жители мало заботятся о приезжих, смотрят на них с презрением, страхом или подозрением.",,,,,,,
,,7-14,"Нейтральный. Местные жители сдержанны или, возможно, суровы снаружи, но могут быть дружелюбными, если вы с ними познакомитесь.",,,,,,,
,,15-18,"Дружелюбный. Местные жители, как правило, дружелюбны, приветливы и не спешат обижаться.",,,,,,,
,,19-20,"Открытый. Местные жители активно радуются приезжим, и это заложено в их культуре. Почти любой приветствуется.",,,,,,,
,Руководство:,,,commercial_locations;law_enforcement;crime,,,,,,
,1,1-15,"Городской совет. Видные члены сообщества были выбраны, чтобы коллективно возглавить город. (Бесплатное местоположение: некоммерческое помещение — ратуша)",,0;0;0,,,,,
,,16-30,Мэр. Местные жители демократично проголосовали за своего нынешнего лидера.,,0;0;0,,,,,
,,31-45,Наследственный. Неизбранный лидер находится у власти в силу своей родословной.,,0;0;0,,,,,
,,46-60,Торговый монарх. По умолчанию лидирует самый богатый владелец магазина в городе.,,2;0;0,,,,,
,,61-75,Военный устав. Городом управляет действующий или бывший лидер военной группы.,,0;1;0,,,,,
,,76-90,Олигархия. Несколько человек коллективно управляют городом. [Бросок 1d4]: 1: торговцы (плутократия); 2: маги (магократия); 3: священники (теократия); 4: другая небольшая группа.,,0;0;0,,,,,
,,91-99,Преступный мир или преступное предприятие. Преступник или группа преступников публично или в частном порядке контролирует город.,,0;0;-1,,,,,
,,100,Анархо-синдикалистская коммуна. Члены города по очереди становятся своего рода исполнительными директорами на неделю.,,0;0;0,,,,,
,Правопорядок:,,,crime,,law_enforcement,,,,
,1,1,"Никто. Это может быть хорошо или плохо, в зависимости от точки зрения. Хорошо, если люди здесь заслуживают доверия, но плохо, если ситуация выходит из-под контроля.",,-8,,,,,
,,2-4,"Шериф. Шериф, а также несколько его заместителей санкционированы властями города.",,-4,,,,,
,,5-9,"Маленькая городская стража. Вахту возглавляет назначенный капитан, и в ней работает небольшое количество охранников. Присутствие может быть рассеянным или отсутствовать время от времени.",,-2,,,,,
,,10-16,"Городской дозор. Вахту возглавляет назначенный капитан с одним лейтенантом и достаточным количеством охранников, чтобы должным образом охранять ключевые точки города с помощью символических патрулей.",,0,,,,,
,,17-19,"Сильная городская стража. Вахту несет опытный капитан с двумя лейтенантами, несколькими капралами и большим количеством рядовых. Присутствие позволяет иметь дополнительные патрули и хорошо отдохнувшую охрану.",,4,,,,,
,,20,"Обширная городская стража. За вахтой наблюдает награжденный капитан с тремя лейтенантами, несколькими капралами и более чем достаточным количеством охранников. Присутствие позволяет страже бдительно следить за происходящим в городе. Стража всегда рядом.",,8,,,,,
,Богатство населения:,,,crime;quality,,population_wealth,,,,
,1,1-2,Обездоленность. Большинству населения постоянно не хватает самого необходимого для выживания.,,-4;-2,,,,,
,,3-6,Нищенство.Около половины населения с трудом сводит концы с концами.,,-2;-1,,,,,
,,7-14,Средний достаток. Большинству населения хватает на скромную жизнь.,,0;0,,,,,
,,15-17,"Процветание. Большинство населения имеет достаточно средств для хорошей жизни, а некоторые из них даже могут жить безбедно.",,-1;0,,,,,
,,18-19,"Богатство.Почти у всех есть все необходимое для комфортной жизни, многие могут жить хорошо, а некоторые очень процветают.",,-2;2,,,,,
,,20,"Достаток.Почти все могут жить комфортно, значительная часть живет в роскоши.",,-4;3,,,,,
,Преступность:,,,urban_encounter,,crime,,,,
,1,1-2,"Регулярная. Улицы кишат преступниками, и не пристегнутая сумочка почти наверняка будет украдена.",,4,,,,,
,,3-6,"Распространенная. Большинство привыкло слышать о неприятностях каждый день или два. Каждый знает кого-то, кто стал жертвой преступления.",,3,,,,,
,,7-14,Обычная. Время от времени случаются кражи или легкое насилие. Лучше всего быть начеку.,,2,,,,,
,,15-18,"Нечастая. Некоторые на торговом посту сталкивались с карманниками или слышали об ограблении, и когда это происходит, это событие привлекает внимание.",,1,,,,,
,,19-20,"Редкая. Большинство жителей торгового поста лично не сталкивались с преступностью и знают лишь немногих людей, которые сталкивались.",,0,,,,,
Точки интереса:,,,,,,,,,,
,Некоммерческие места:,,,,,,,,size,
,0_1_1,1,"академия/университет. Консерватория, посвященная стремлению к высшим знаниям, иногда в определенной области обучения.",,,,,,,
,,2,"Архивы/Библиотека. Структура, посвященная жилищным записям и письменной информации.",,,,,,,
,,3,"Форум. Место, предназначенное для использования интеллектуальных дебатов и дискуссий.",,,,,,,
,,4,"Школа. Учреждение, ориентированное на обучение детей.",,,,,,,
,0_2_2,1,Амфитеатр. Открытое пространство со сценой и многоярусными креслами.,,,,,,,
,,2,Танцпол. Площадка для танцев и праздничных мероприятий.,,,,,,,
,,3,"Зал собраний. Обычное открытое здание, такое как общественный центр, используемое для местных мероприятий или место, где местные жители могут просто общаться в повседневной жизни.",,,,,,,
,,4,"Открытая зона отдыха. Ухоженное место, где местные жители могут поесть, отдохнуть или сразиться на дуэли...",,,,,,,
,0_3_3,1,Канцелярия. Используется как офис для официальной документации и административных задач.,,,,,,,
,,2,Здание суда. Используется для проведения судебных процессов или отправления правосудия.,,,,,,,
,,3,"Ратуша. Используется для официальных городских дел, аудиенций и встреч.",,,,,,,
,,4,Казначейство. Используется как централизованное место для управления городскими средствами.,,,,,,,
,0_4_4_0,1,"Секрет. Размер места отправления культа неясен, так как местонахождение не известно широкой публике.",,,,,,,
,,2-5,"Алтарь. Небольшая святыня или, возможно, крошечная хижина, обычно выставляющая напоказ какие-то различные предметы или изображения, относящиеся к тому, что почитается верой.",,,,,,,
,,6-10,"Ораторское искусство. Скромное здание с сидячими местами для посетителей, украшенное различными предметами или изображениями, относящимися к тому, что почитается верой.",,,,,,,
,,11-16,"Святилище. Большое благоустроенное сооружение, способное с комфортом разместить до нескольких сотен человек.",,,,,,,
,,17-19,"Храм. Величественное здание с такими элементами, как высокие потолки, роскошная мебель и другие впечатляющие декоративные и/или архитектурные особенности. Он может вместить почти тысячу посетителей.",,,,,,,
,,20,"Великий Храм. Внушающее благоговейный трепет сооружение, посвященное тому, чему оно поклоняется. На его строительство не жалели средств. Он может отображать такие элементы, как потрясающие фрески, сложные витражи и высокие позолоченные статуи. Войти в великий храм — редкое и поразительное событие для тех, кто не живет рядом с ним.",,,,,,,
,0_4_4_1,1,"Невидимый. Для тех, кто не входит в список ниже, неясно, что группа существует.",,,,,,,
,,2-5,"Тихо. Приверженцы веры незаметны, если не знать, на что обращать внимание (возможно, на определенные жесты, предметы одежды или фразы).",,,,,,,
,,6-10,"Тонкий. Последователей веры можно узнать, но они остаются очень сдержанными.",,,,,,,
,,11-16,"Умеренный. Благочестивые уверены в себе и не боятся открыто демонстрировать свою веру, но не посягают на более широкий народ без необходимости.",,,,,,,
,,17-19,"Пылкий. Последователи откровенны, практически не боятся упреков. Они могут петь или выступать перед массами.",,,,,,,
,,20,"Ревностный. Приверженцы совершенно и бездумно набожны, навязывая свою доктрину своему окружению и сверстникам или предпринимая действия, которые способствуют их делу, независимо от личной цены. Хотя это обычно рассматривается как негативное, это также может быть положительным, например, церковь света, поднимающаяся в царстве зла, помогающая нуждающимся, даже если они подвергают себя опасности.",,,,,,,
,0_4_4_2,1,Злой,,,,,,,
,,2-5,Нейтральный,,,,,,,
,,6-10,Добрый,,,,,,,
,1,1,Место образования,,,,,,,
,,2,Место сбора,,,,,,,
,,3,Место правительства,,,,,,,
,,4,Место поклонения,,,,,,,
,Коммерческие места:,,,,,,,,size_commer,
,0_1_2,1-4,Плохое.,,,,,,,
,,5-10,Хорошее.,,,,,,,
,,11-12,Отличное.,,,,,,,
,0_1_1,1-4,"Булочная (О).Печет и продает свежий хлеб и, возможно, выпечку.",,,,,,,
,,5-8,Мясная лавка (О).Перерабатывает и продает свежее и/или сушеное мясо.,,,,,,,
,,9-12,"Бондарь (О). Изготавливает деревянные сосуды, скрепленные металлическими обручами, включая бочки, ведра и т.д.",,,,,,,
,,13-16,"Плотник (О). Строит или вырезает из дерева, а также занимается ремонтом.",,,,,,,
,,17-24,"Обычный магазин (О).Продаёт предметы первой необходимости, продукты питания и различные мелочи.",,,,,,,
,,25-28,"Травник (О). Продает обычные травы и натуральные, не магические лекарства.",,,,,,,
,,29-36,"Кузня (О).Продает и изготавливает металлические инструменты и снаряжение, включая самое необходимое оружие и доспехи.",,,,,,,
,,37-40,"Портной (О). Изготавливает и продает одежду, включая шляпы и плащи. Также продает предметы общего назначения из ткани, например, одеяла, и осуществляет ремонт и переделку изделий из ткани.",,,,,,,
,,41-44,Кожевник/таксидермист (О). Обрабатывает шкуры животных для практических или декоративных целей.,,,,,,,
,,45-48,"Кровельщик (О). Строит крыши, используя слои высушенной соломы, тростника, камыша и т.д.",,,,,,,
,,49-52,Каретных дел мастер (О). Изготавливает телеги и повозки.,,,,,,,
,,53-56,Ткач (О).Плетёт необработанную ткань и корзины.,,,,,,,
,,57-59,"Алхимик (С). Варит и продает зелья, а также обычные травы и алхимические ингредиенты.",,,,,,,
,,60-62,"Художник (С). Включает в себя художника, скульптора и другие виды изобразительного искусства.",,,,,,,
,,63-65,"Банк и биржа (С).Охватывает аукционы, банковское дело, специфическую продажу драгоценных камней или обмен валюты.",,,,,,,
,,66-68,Сапожник (С).Делает и чинит сапоги и ботинки.,,,,,,,
,,69-71,Литейное дело/плавильня (С). Обработка руды и изготовление металла.,,,,,,,
,,72-74,Мельница (С).Предприятия по помолу зерна.,,,,,,,
,,75-77,"Текстильное производство (С). Масштабнее, чем у одного ткача, предлагает более широкий ассортимент материалов в больших количествах.",,,,,,,
,,78-80,"Корабельщик (С). Строит и спускает на воду лодки и/или корабли. [Перебросить, если поселение не граничит со значительным источником воды].",,,,,,,
,,81-82,Редкие травы (Э). Выращивает и продает редкие для региона травы.,,,,,,,
,,83-84,"Предметы роскоши (Э). Закупает и продает всевозможные предметы для дома, включая мебель, предметы искусства и другие высококачественные товары",,,,,,,
,,85-86,"Редкие напитки и блюда (Э).Продает (и, возможно, делает или варит) напитки и/или еду превосходного качества или редкости для региона.",,,,,,,
,,87-88,"Редкие товары для торговли (Э). Закупает и продает редкие для региона предметы и материалы, такие как руда или текстиль.",,,,,,,
,,89-90,"Редкие товары для торговли (Э). Закупает и продает редкие для региона предметы и материалы, такие как руда или текстиль.",,,,,,,
,,91-92,"Магический магазин -Книги (Э). Продает магические предметы с упором на литературу, магические справочники и предания. Они также могут продавать книги и документы (например, карты и записи) редкого и значимого характера, хотя и немагического.",,,,,,,
,,93-94,"Магический магазин - одежда (Э). Продает магические предметы с упором на одежду всех типов, обладающую магическими характеристиками.",,,,,,,
,,95-96,Магический магазин - ювелирные изделия (Э). Продает магические предметы с упором на зачарованные или пропитанные магией украшения.,,,,,,,
,,97-98,"Магический магазин - оружие (Э). Продает магические предметы с упором на оружие с магическими характеристиками и, возможно, щиты.",,,,,,,
,,99-100,"Магический магазин - различные предметы и диковинки (Э). Приобретает и продает магические предметы, уделяя особое внимание странным и редким артефактам диковинного или интригующего характера.",,,,,,,
,0_2_2,1-8,"Парикмахерская. Предоставляет услуги по уходу, такие как стрижка или бритье.",,,,,,,
,,9-16,Баня. Предоставляет места для купания.,,,,,,,
,,17-24,Врач/аптекарь.Оказывает медицинскую помощь.,,,,,,,
,,25-32,"Дом отдыха.Предоставляет развлечения и/или отдых (ГМ может решить, какого рода).",,,,,,,
,,33-44,"Гостиница.Предоставляет жилье, а также место, где можно принять ванну и нормально поесть.",,,,,,,
,,45-52,"Клуб.Предоставляет развлечения в виде комедийных, драматических или музыкальных представлений.",,,,,,,
,,53-60,Прорицатель.Предоставляет магические предсказания и пророчества!,,,,,,,
,,61-68,"Конюшня. Предоставляет жилье для лошадей, а также продает повозки, животных и их упряжь.",,,,,,,
,,69-80,Таверна. Предоставляет еду и напитки.,,,,,,,
,,81-82,"Наемная помощь - Грубияны и дебоширы. Бандиты, грубияны и мускулистая сила.",,,,,,,
,,83-84,"Наемные помощники -Плащ и кинжал. Ассасины, воры и шпионы.",,,,,,,
,,85-86,Наемные помощники -Луки и пращи. Лучники и специалисты по дальним атакам.,,,,,,,
,,87-88,"Наемные работники - писари и клерки. Мастера истории, литературы, математики и/или бизнеса.",,,,,,,
,,89-90,"Наемные помощники - проводники и следопыты. Скауты, рейнджеры и эксперты по дикой природе.",,,,,,,
,,91-92,"Наемные работники - караванщики и верховые. Специалисты по перевозкам и путешествиям в различные места, а также по организации и управлению экспедициями.",,,,,,,
,,93-94,Наемные помощники - академики магии. Эксперты в вопросах магии и знаний (может быть также природная магия или что-то другое; не обязательно исключительно арканы).,,,,,,,
,,95-96,"Наемные работники -магические наемники. Специалисты, обученные использованию колдовской или не божественной магии в бою и для решения практических задач.",,,,,,,
,,97-98,"Наемные помощники - священнослужители. Мудрецы, дающие советы по всем вопросам религии и Божественности.",,,,,,,
,,99-100,"Наемная помощь - Руки Бога. Специалисты, обученные использованию божественной магии в бою и для решения практических задач.",,,,,,,
,1,1,Магазин.,,,,,,,
,,2,Место оказания услуг.,,,,,,,
Дополнительные подробности:,,,,,,,,,,
,Недавние события:,,,,,,,,,
,1,1,Защищено. Нападение местных сил на город не удалось.,,,,,,,
,,2,"Карманники. Невидимые липкие руки на работе? Появилось много сообщений о карманниках на рынке, но ни одного не нашли.",,,,,,,
,,3,"Никаких авантюристов. Убирайся! Таверна в городе ввела политику запрета на авантюристов после того, как выдержала слишком много драк в одном баре.",,,,,,,
,,4,Спящий. Много работать или почти не работать? Один из охранников у главных ворот был найден спящим на своем посту.,,,,,,,
,,5,"Пауки. Один из местных детей занимается ловлей и разведением пауков. Пауки выросли очень большими, вырвались наружу и рассеялись по всему городу. Горожане находят их в домах, на предприятиях... везде.",,,,,,,
,,6,"Туннель. Что это тогда? На окраине кто-то обнаружил туннель, ведущий к городу. Еще более странно, что он неполный; не дойдя даже до половины. Кто прорыл туннель? Почему?",,,,,,,
,,7,"Препятствие. Если на дороге падает дерево, и никто не слышит его, останавливает ли это базарный день? Дошли новости о том, что массивное дерево, камень или другой большой природный объект упал и заблокировал основной путь в город в нескольких милях от него.",,,,,,,
,,8,"Ночь событий. Чтобы поднять боевой дух города, местный лидер предложил «ночь в городе», санкционированное свидание для всех местных жителей, где спонсируемые продавцы еды и развлечений предоставляют большие скидки романтическим парам, которые посещают их заведения.",,,,,,,
,Выдающиеся чиновники:,,,,,,,,size,
,0_1_8,1,Коррумпирован. Использование положения в личных целях.,,,,,,,
,,2-3,"Некомпетентный. Не совсем понимает, как выполнять свои обязанности.",,,,,,,
,,4-5,"Преданный идее. Полностью предан работе, искренне чувствуя, что она имеет жизненно важное значение.",,,,,,,
,,6,"Сверхквалифицированный. Основываясь на навыках и опыте, должен быть на более высокой или более сложной должности.",,,,,,,
,1,1,Коллектор. Отлавливает и приводит должников.,,,,,,,
,,2,Клерк. Регистрирует людей (придумай сам),,,,,,,
,,3,Казначейство. Ответственный за налоги.,,,,,,,
,,4,Тюремщик Отвечает за содержание заключенных.,,,,,,,
,,5,"Судья. Лицо, принимающее решения в юридических вопросах.",,,,,,,
,,6,Межевальщик. Определяет границы собственности.,,,,,,,
,,7,Мастер пира. Ведущий организатор фестивалей и специальных мероприятий.,,,,,,,
,,8,"Мастер магазинов. Наблюдает за городскими запасами припасов, таких как зерно или строительные материалы.",,,,,,,
,Базарный день:,,,,,,,,,
,1,1,"Приехал торговец, торгующий шустрыми обезьянками, и довел до возбужденного исступления как местных, так и приезжих детей.",,,,,,,
,,2,"Идет дождь. Жесткий. Многие продавцы борются за то, чтобы их товары оставались неиспорченными.",,,,,,,
,,3,"Фрукты и овощи в последнее время были в свободном доступе, поэтому они продаются за половину обычной цены.",,,,,,,
,,4,"Загон торговца скотом сломался, и коровы теперь бродят по всему городу. Торговец изо всех сил пытается их поймать.",,,,,,,
,,5,"Кухонный костер вызвал пожар, в результате которого загорелся один из прилавков, и теперь он угрожает распространиться на соседние столики.",,,,,,,
,,6,"В городе находится передвижной кукольный театр, который под восторженные аплодисменты представляет политическую пародию на некоторых известных региональных деятелей.",,,,,,,
,,7,"Бандиты, выдавая себя за торговцев, воруют товары у других законных торговцев поблизости.",,,,,,,
,,8,"Маленький ребенок украл яблоко из тележки с фруктами. Торговец заметил и кричит вслед маленькой убегающей фигурке, призывая кого-нибудь поймать их.",,,,,,,
,,9,"В городе проходит местная свадьба, а вместе с купцами на площади устраивается прием, дополняя весь гомон веселой музыкой и танцами.",,,,,,,
,,10,"Одна из таверн, выходящих окнами на рыночную площадь, объявила акцию в рыночный день, и теперь к ее дверям выстраивается постоянно растущая очередь.",,,,,,,
,,11,"Раненый охранник въехал на рыночную площадь, лихорадочно оглядываясь по сторонам. Они тут же потеряли сознание, упав с лошади.",,,,,,,
,,12,"Один из фургонов торговцев заражен каким-то вредителем, и охранники работают над тем, чтобы вывезти фургон и его груз, чтобы сжечь за пределами города, прежде чем он распространится. Купец спорит громко и отчаянно.",,,,,,,